Entropy,Size,Label
7.9979506325889735,87896,0
7.998078002539819,97190,0
7.992282694833619,25819,0
7.993580786207541,1461837,0
7.999471670360465,362441,0
7.997362288818013,78168,0
7.990221999689485,21145,0
7.995833431894851,44888,0
7.787795546952085,1800157,0
7.99809648834864,91617,0
7.924105548858138,2298908,0
7.999758040151653,791005,0
7.999758193693633,700248,0
7.999642525101305,1188660,0
7.999377978869406,275800,0
7.996513267922997,50942,0
7.997849808397915,83870,0
7.9603683898822695,1363342,0
7.894429670950117,15376523,0
7.999168006855674,257880,0
7.999140345693992,1140297,0
7.996756014057901,72024,0
7.998822577140295,143760,0
7.997662193704642,75005,0
7.971514497367795,10353482,0
7.986421184227047,3456309,0
7.85371904823526,1182552,0
7.999162575140575,1164824,0
7.964286846660494,10125656,0
7.998677725812737,135628,0
7.990272249606454,20610,0
7.4536582005631145,3338357,0
7.999488089693919,327417,0
7.999795066903628,877400,0
7.997428508089259,1264250,0
7.997921559095624,99160,0
7.998228822525449,89469,0
7.990999395718719,20847,0
7.98196383277152,1775090,0
7.954494558413278,2693550,0
4.9253515499349465,6924632,0
7.998493843617989,1186528,0
7.999042323363608,202072,0
7.999163959697353,248084,0
7.995982882657093,41176,0
7.9995429680329435,390218,0
7.9992033631805155,245015,0
5.506607827017055,3888984,0
7.996359727815795,1281413,0
7.997255019872672,76632,0
7.9979576500824825,87602,1
7.9980579904186735,96882,1
7.992899990051391,25522,1
7.999886799125302,1461538,1
7.9994462251646565,362146,1
7.99790976604156,77824,1
7.991281296362703,20850,1
7.995872991134106,44594,1
7.999895763769505,1799858,1
7.998044000373075,91314,1
7.999919734737666,2298610,1
7.999764756387528,790706,1
7.999732328699308,699954,1
7.999857555763745,1188354,1
7.9993400805637105,275506,1
7.997014592149556,50642,1
7.997470640497989,83570,1
7.999875421059527,1363042,1
7.999987909832181,15376226,1
7.999274784055019,257586,1
7.9998483706185395,1140002,1
7.997439124545537,71730,1
7.998560065160034,143458,1
7.997612586400688,74706,1
7.999980574778066,10353186,1
7.999951377778857,3456002,1
7.999857001605091,1182258,1
7.999830167498242,1164530,1
7.999983969302597,10125312,1
7.998396378415071,135330,1
7.992294216140112,20306,1
7.999946265691219,3338050,1
7.999480972478994,327122,1
7.999778083449527,877106,1
7.999868391582299,1263954,1
7.9981037562619575,98866,1
7.998099019474739,89170,1
7.990095194270487,20546,1
7.999904502251616,1774786,1
7.999931938164278,2693250,1
7.999973386163982,6924338,1
7.999823878583351,1186226,1
7.998927329496176,201778,1
7.999283192397834,247778,1
7.996034100975716,40882,1
7.999561343608737,389922,1
7.9992646340989415,244706,1
7.999944444326557,3888690,1
7.999848542630771,1281106,1
7.997174434358477,76338,1
6.283857694886059,88068,2
7.9539041174639955,97362,2
7.980378128335831,25991,2
7.977167622168701,1462009,2
7.930743010873965,362613,2
5.6868248630171205,78340,2
7.66561480060598,21317,2
5.545668339259864,45060,2
7.865737765417113,1800329,2
7.925920243207754,91789,2
7.955545800572726,2299080,2
7.988172985448902,791177,2
6.401483192729455,700420,2
7.984964170282736,1188832,2
7.280258337893536,275972,2
7.9149390086748985,51114,2
7.805789294862395,84042,2
7.945110300924094,1363514,2
7.929891685038073,15376695,2
0.0,258052,2
7.98636667842146,1140469,2
6.43625165832592,72196,2
7.895655452363735,143932,2
7.894757569800982,75177,2
7.983235810447697,10353654,2
7.992005082197151,3456480,2
6.5052093184015,1182724,2
7.99013645631913,1164996,2
7.980471382658235,10125828,2
7.8358698742783455,135800,2
7.962923940670369,20782,2
7.679503637760103,3338529,2
7.971578638983649,327589,2
6.248848811278333,877572,2
7.9873459596459195,1264422,2
6.393072054025715,99332,2
7.9617192287871115,89641,2
7.977680085088034,21019,2
7.986502809536301,1775262,2
7.9678003912694475,2693722,2
6.029543246708318,6924804,2
7.984787863961601,1186700,2
7.100345175089649,202244,2
7.765882463062034,248256,2
7.982630098014751,41348,2
7.990327922632582,390390,2
7.757753261416722,245187,2
6.066291046507627,3889156,2
7.984121023936591,1281585,2
5.743889579423868,76804,2
7.997695702835211,87820,3
7.9984563320896225,97114,3
7.992277253163411,25743,3
7.999852077247575,1461761,3
7.999493963805819,362365,3
7.997320308759659,78092,3
7.990667666819415,21069,3
7.996304662055255,44812,3
7.9999064095521595,1800081,3
7.998039524530727,91541,3
7.999927760207249,2298832,3
7.999782339183682,790929,3
7.999719690626081,700172,3
7.999855640876606,1188584,3
7.999271247888784,275724,3
7.996488139253604,50866,3
7.997771587074679,83794,3
7.999864407634409,1363266,3
7.987258919349302,15376447,3
7.999356966393415,257804,3
7.999840763678354,1140221,3
7.9972696141460435,71948,3
7.998746876374218,143684,3
7.997658326284098,74929,3
7.999982285952883,10353406,3
7.999953545354158,3456233,3
7.9998465044499865,1182476,3
7.999839887436048,1164748,3
7.99997933509954,10125580,3
7.998705035878854,135552,3
7.99001754930475,20534,3
7.999956846736051,3338281,3
7.999375574549527,327341,3
7.999820485237107,877324,3
7.999855820993513,1264174,3
7.998183753577212,99084,3
7.997724900093741,89393,3
7.990950405929782,20771,3
7.999882113715753,1775014,3
7.9999372251804886,2693474,3
7.999975187992486,6924556,3
7.999846048784456,1186452,3
7.99905454194121,201996,3
7.9990875768183205,248008,3
7.995514611426642,41100,3
7.999580707815963,390142,3
7.999319106237077,244939,3
7.999954047281035,3888908,3
7.999869227369681,1281337,3
7.997667601920309,76556,3
7.991975957174539,25726,4
7.997980354613178,91524,4
7.997490478947891,83777,4
7.997586897337353,74912,4
7.989331748268961,20517,4
7.991858944131157,20754,4
7.995246911513594,41083,4
7.996014095669338,50251,4
7.9956160140958055,44964,4
7.993299149117503,26280,4
7.9988971604849874,169077,4
7.99854521934576,140914,4
7.998680444006834,123652,4
7.9904000174647125,18671,4
7.99417373986052,32742,4
7.995620445008821,45888,4
7.999096133976132,195899,4
7.984836191590073,11214,4
7.988279747446631,13810,4
7.986150534823189,13214,4
7.9850981552135085,14807,4
7.976932271362767,8221,4
7.972156476760675,6387,4
7.991660167648621,21121,4
7.990068091734831,19543,4
7.991633068939718,20128,4
7.989758819143186,16860,4
7.993560669673565,29058,4
7.995716547594387,39715,4
7.968243938036769,717766,4
7.962077020838322,1037316,4
7.983988774808148,722896,4
7.9977316809454795,80914,4
7.997904974605703,92951,4
7.9986191063648535,131420,4
7.97991370207987,9489,4
7.9854113169117005,14151,4
7.989060775666717,17001,4
7.9975853384425895,67607,4
7.996605130584836,59431,4
7.994871736212842,30260,4
7.998344768942196,108726,4
7.9930401738625,21809,4
7.990149576745692,17230,4
7.882783118078966,1518,4
7.89466340109972,1695,4
7.993767165049342,28680,4
7.997777624211339,84175,4
7.993942775996859,31105,4
7.995212822496003,34732,4
7.99197135767978,95142,5
7.9882006619762285,112672,5
7.982101541245585,14999,5
7.937360994610549,38053,5
7.974098284187913,69526,5
7.633598878434578,10746,5
7.999942254105151,3991262,5
7.995937917004209,96778,5
7.997858894080256,96154,5
7.995985380027647,45819,5
7.988893685257499,90022,5
7.99153343895739,75099,5
7.99986209456148,1864808,5
7.996634150817841,251896,5
7.995429941926157,205090,5
7.993304027925828,159353,5
7.767105518473443,14873,5
7.994281087346685,190374,5
7.989368895323312,118186,5
7.838614551674102,19751,5
7.9140448188780725,35238,5
7.999901838755647,1734280,5
7.999706484700104,1053985,5
7.999801532495482,1064248,5
7.979366988434059,87974,5
7.9986851927227836,162906,5
7.998903603017989,185136,5
7.999782896948003,1446822,5
7.980848236597399,25382,5
7.925265227683957,32921,5
7.996436572862314,59937,5
7.999450495623542,742588,5
7.999366612143057,259131,5
6.543589350606321,1265,5
6.822821223239191,1442,5
7.150367393555872,1780,5
7.159020033057721,1834,5
6.6661167281836,1340,5
6.847724052509339,1445,5
6.9112293928203385,1562,5
6.0416720013531435,1040,5
7.215476040970832,1915,5
7.022490315510368,1612,5
7.999675699842963,609427,5
7.041525395793867,1666,5
7.964278354631656,45478,5
7.4631841337060685,2006,5
7.9371187167621935,43430,5
7.999930829987127,3296332,5
7.858675056134835,21120,5
7.997804114686814,88344,6
7.99800837702528,97560,6
7.993203604626366,25880,6
7.99987033660944,1462552,6
7.9994706660933685,362776,6
7.997406292616569,78104,6
7.991223090905948,21784,6
7.995894841820923,45336,6
7.999900544324985,1800472,6
7.997971272313385,92440,6
7.9999310824543,2299160,6
7.99976445759306,791832,6
7.999733320269905,700696,6
7.99984164001462,1189144,6
7.999306856415448,275736,6
7.99695546658597,51480,6
7.998047139375004,84248,6
7.9998781140474495,1364248,6
7.999988358058671,15376664,6
7.999225837729046,258328,6
7.999836531469497,1141016,6
7.9975570098251,71960,6
7.9986888677229535,144664,6
7.99728788673779,75032,6
7.9999844488089735,10353944,6
7.999946010739414,3456280,6
7.999858210574604,1183000,6
7.999834137033814,1165592,6
7.999982304314311,10125592,6
7.998652189575591,136472,6
7.990374126779123,20760,6
7.9999407478283135,3338520,6
7.99948606851982,327960,6
7.999776249450742,877848,6
7.999856597474918,1264920,6
7.998211461985628,99608,6
7.997874798852333,90392,6
7.991538535790177,21784,6
7.99990523699333,1775896,6
7.9999311628285765,2694424,6
7.999970563660138,6924568,6
7.999855208493111,1187096,6
7.999207353862411,202008,6
7.999176245485669,248088,6
7.996006773077038,41240,6
7.999586680289189,390424,6
7.999324772358432,245016,6
7.999951678201286,3889432,6
7.999851933425116,1282328,6
7.997650531553173,77080,6
7.997859757734805,87687,7
7.998019324871062,96981,7
7.9932425555843585,25610,7
7.999857546473594,1461628,7
7.9994633813592175,362232,7
7.997329313490303,77959,7
7.991042857044586,20936,7
7.996232850009306,44679,7
7.999904429184959,1799948,7
7.998052359678458,91408,7
7.999926518055974,2298699,7
7.999753295935448,790796,7
7.999737964303401,700039,7
7.999853897692735,1188451,7
7.999404285135951,275591,7
7.995753727414352,50733,7
7.997619243477949,83661,7
7.999862505520481,1363133,7
7.8906341602743115,15376314,7
7.999367624923924,257671,7
7.999820982911028,1140088,7
7.997008124433688,71815,7
7.998807472600403,143551,7
7.997821782151089,74796,7
7.986530952983394,10353273,7
7.997035945131585,3456100,7
7.9998606696452015,1182343,7
7.999835591815731,1164615,7
7.979758994732564,10125447,7
7.998728211308128,135419,7
7.990402267071799,20401,7
7.9633384049030695,3338148,7
7.999405065160334,327208,7
7.999777194517671,877191,7
7.999872596924635,1264041,7
7.998360688164815,98951,7
7.997581030934689,89260,7
7.990688463322841,20638,7
7.999907136951922,1774881,7
7.999935507956863,2693341,7
6.285652087773231,6924423,7
7.999833623356157,1186319,7
7.999051526323536,201863,7
7.999284482874596,247875,7
7.994850790210253,40967,7
7.999576101253181,390009,7
7.9991852985817475,244806,7
7.521303250600529,3888775,7
7.999837707776398,1281204,7
7.997551041159431,76423,7
7.997873451663152,88086,8
7.998142807056807,97380,8
7.992308666781604,26009,8
7.994252978733717,1462027,8
7.99948176483388,362631,8
7.9977623824174895,78358,8
7.9915471857514975,21335,8
7.996181622886826,45078,8
7.805842194060525,1800347,8
7.997732796366218,91807,8
7.924147708592276,2299098,8
7.999775957014093,791195,8
7.999742175165807,700438,8
7.9996796048533625,1188850,8
7.9993055275669525,275990,8
7.996556886998108,51132,8
7.997503272224358,84060,8
7.961380400581943,1363532,8
7.9639588712746905,15376713,8
7.9994340805852655,258070,8
7.999299100654506,1140487,8
7.996916398937357,72214,8
7.998760285065559,143950,8
7.997533095917098,75195,8
7.991683527741478,10353672,8
7.986399466196576,3456499,8
7.887067978740733,1182742,8
7.999300384054932,1165014,8
7.985011535324971,10125846,8
7.9986859434499875,135818,8
7.9915693894406195,20800,8
7.454684563777812,3338547,8
7.999457440951602,327607,8
7.999767233136083,877590,8
7.997892702020033,1264440,8
7.9979788915027825,99350,8
7.9981130172632655,89659,8
7.99172335815278,21037,8
7.98212826885347,1775280,8
7.955293718224017,2693740,8
6.571294834661896,6924822,8
7.998642503839802,1186718,8
7.999003481012984,202262,8
7.999245225945415,248274,8
7.995437774062776,41366,8
7.999468484956066,390408,8
7.999299996962675,245205,8
5.538991816558018,3889174,8
7.996907961935151,1281603,8
7.99774971419556,76822,8
7.997875878704109,87568,9
7.998350047795237,96848,9
7.991567394923141,25488,9
7.999897445853662,1461504,9
7.9994192708461265,362112,9
7.997420134151404,77840,9
7.992014607404281,20816,9
7.995681738520302,44560,9
7.999900725871124,1799824,9
7.997781774834226,91280,9
7.9999227781177815,2298576,9
7.999763597213862,790672,9
7.999738870284585,699920,9
7.999828020219091,1188320,9
7.999330007793004,275472,9
7.996141224603471,50608,9
7.997424946808093,83536,9
7.999869342513322,1363008,9
7.999986292295149,15376192,9
7.999281738303968,257552,9
7.999822326911701,1139968,9
7.997471507697914,71696,9
7.998778492749541,143424,9
7.997238236418077,74672,9
7.999981921486859,10353152,9
7.999954235718616,3455968,9
7.999850850374725,1182224,9
7.999829153240519,1164496,9
7.999981441806326,10125328,9
7.9985330582774,135296,9
7.991206998710221,20272,9
7.999943584718265,3338016,9
7.999431746860327,327088,9
7.999802361095432,877072,9
7.999843799574144,1263920,9
7.998017679329385,98832,9
7.997862043674732,89136,9
7.990038706104138,20512,9
7.999887994057057,1774752,9
7.999929226809245,2693216,9
7.999973181289482,6924304,9
7.999819969038464,1186192,9
7.999220600809396,201744,9
7.999269618586517,247744,9
7.994821395819667,40848,9
7.999571386878125,389888,9
7.999145198191821,244672,9
7.999950066979534,3888656,9
7.999858039978967,1281072,9
7.997531430593093,76304,9
7.993991360550844,88576,10
7.994706762131233,97870,10
7.96225027595405,26499,10
7.999837016077701,1462517,10
7.999143590421065,363121,10
7.992858292510964,78848,10
7.9505845325758635,21825,10
7.983903014039585,45568,10
7.999866941374015,1800837,10
7.993890394312173,92297,10
7.924222702236119,2299588,10
7.999713903367333,791685,10
7.999664542666503,700928,10
7.999786363971016,1189340,10
7.998802779244698,276480,10
7.985581991137891,51622,10
7.993972975851361,84550,10
7.999837814966895,1364022,10
7.89145610685804,15377203,10
7.998514222191118,258560,10
7.999790999576606,1140977,10
7.99189094122586,72704,10
7.996863404457185,144440,10
7.992053868232858,75685,10
7.974876260800099,10354162,10
7.985904070300209,3456989,10
7.999809969243564,1183232,10
7.999817251070529,1165504,10
7.970980692920514,10126336,10
7.9964374607638895,136308,10
7.950204550773422,21290,10
7.454708466989434,3339037,10
7.999070099165646,328097,10
7.999760694645816,878080,10
7.999821674428742,1264930,10
7.994353479089531,99840,10
7.994500448938892,90149,10
7.94851880963916,21527,10
7.999874471920908,1775770,10
7.954191252831729,2694230,10
5.71368866415058,6925312,10
7.999822715559184,1187208,10
7.9981843372637185,202752,10
7.998494682262525,248764,10
7.982074685360042,41856,10
7.999339662481037,390898,10
7.998651469274093,245695,10
5.5391584109477305,3889664,10
7.99983831349264,1282093,10
7.991892109514356,77312,10
7.994016451805387,6840400,11
7.997720804297118,69174,11
7.997209188104424,67611,11
7.998881698853376,181095,11
7.999915499608552,2313516,11
7.999605665941098,574096,11
7.999172689148281,246399,11
7.998452597437764,113808,11
7.997166332180929,61430,11
7.99778869987929,84227,11
7.998631622940144,140801,11
7.987720172844452,4685676,11
7.991107517042958,22672,11
7.997737951921489,91187,11
7.999755878600759,711824,11
7.995569551278532,44451,11
7.974688547168896,7445,11
7.999956064243916,3932088,11
7.99707653758474,12051506,11
7.997816394452017,82064,11
7.9944249340495555,9158448,11
7.993648159622723,25232,11
7.99586432876712,41708,11
7.991797925303423,22970,11
7.999806531675371,973387,11
7.999839427929097,1178097,11
7.997438927756201,67728,11
7.999850233506242,1402537,11
7.9991535633280355,225424,11
7.98621793252463,13999,11
7.99946151098235,377965,11
7.97104323071741,14104219,11
7.999809599154392,919517,11
7.997575915476919,72336,11
7.999360136469566,333409,11
7.999142153915697,205456,11
7.995049411033904,39076,11
7.998393849294363,99299,11
7.997870717880453,81271,11
7.999949579455385,3531694,11
7.9984154749982626,125584,11
7.997557226115957,67635,11
7.997465842322335,63120,11
7.988948819620578,14974,11
7.990402827926874,19368,11
7.999535666593755,423132,11
7.999521304749268,392942,11
7.990679437524179,19600,11
7.999834806527061,1072595,11
7.994916968868349,34448,11
7.997940698921004,87804,12
7.998084042727576,97088,12
7.992955398266652,25740,12
7.999893298440805,1461740,12
7.99959699316071,362352,12
7.989962820831169,21056,12
7.995828280337948,44796,12
6.113964501160389,2586509,12
7.998063461453915,91532,12
6.721429111918459,3085256,12
7.999778221600608,790912,12
7.999749670699728,700156,12
7.999840093617832,1188560,12
7.9993336837796685,275708,12
7.9965364466742495,50848,12
7.997581532735637,83788,12
7.999860258135801,1363244,12
7.7049279219855125,16162875,12
7.999187029835064,257788,12
7.999852130218533,1140208,12
7.997539267908495,71932,12
7.998738659839379,143664,12
7.9977529528381925,74924,12
7.745591225749175,11139830,12
7.154487474147579,4242661,12
7.999870226622761,1182460,12
7.999835564423426,1164736,12
7.73298693581195,10912004,12
7.998523434098286,135536,12
7.991098626408892,20524,12
6.761601508027476,4124705,12
7.999417321580346,327328,12
7.9998109925702865,877308,12
7.999848543779727,1264160,12
7.997977196836184,99068,12
7.998118335956411,89376,12
7.988585500042129,20764,12
6.385741521097061,2561438,12
6.872754322768589,3479902,12
4.525762588688768,7710980,12
7.999810859858624,1186432,12
7.9988437393469844,201980,12
7.999368999185178,247984,12
7.99561501362701,41100,12
7.999551571989996,390124,12
7.999267457283062,244912,12
4.622506834234942,4675332,12
7.9998461917735515,1281312,12
7.997376374795383,76540,12
7.999224322318851,255776,12
7.997825316677676,88092,13
7.998171254651035,97386,13
7.992516408069516,26015,13
7.994214621725636,1462033,13
7.997501437853317,78364,13
7.992769113869222,21341,13
7.995913488232158,45084,13
7.9999123586449885,1800353,13
7.997949717885819,91813,13
7.924518334234187,2299104,13
7.999788134098912,791201,13
7.9997534637822385,700444,13
7.999864043751025,1188856,13
7.999299201271241,275996,13
7.9966335556912815,51138,13
7.997698614480661,84066,13
7.961170583991286,1363538,13
7.999987645863135,15376719,13
7.99915915416971,258076,13
7.99982386386399,1140493,13
7.997555274985063,72220,13
7.998710840238332,143956,13
7.997647275870133,75201,13
7.971520809928864,10353678,13
7.9999484320663115,3456505,13
7.999846571669356,1182748,13
7.9998519531313175,1165020,13
7.999984326794417,10125852,13
7.9986803503752935,135824,13
7.991888406840339,20806,13
7.454875125076572,3338553,13
7.999336791913344,327613,13
7.999805961006725,877596,13
7.9998507254629425,1264446,13
7.997813993601486,99356,13
7.997942368866276,89665,13
7.992023769280284,21043,13
7.982092493750115,1775286,13
7.999936487829851,2693746,13
7.999972576132723,6924828,13
7.999853924611026,1186724,13
7.999209427109748,202268,13
7.999221890260897,248280,13
7.995094235502037,41372,13
7.999611425014229,390414,13
7.999234856895965,245211,13
7.9999492182628815,3889180,13
7.99984303572651,1281609,13
7.997672062083061,76828,13
7.999396406473818,256062,13
6.439786361149546,87812,14
7.985486466474129,97124,14
7.98328660146941,25764,14
7.975463253174829,1461764,14
7.94489701670104,362357,14
5.716549242205899,78084,14
7.959952032730469,21061,14
5.727332992522873,44804,14
7.878208883342421,1800073,14
7.937720539635459,91533,14
7.963035761534982,2298824,14
7.9875360390411,790948,14
6.356639802462582,700164,14
7.983946117579766,1188576,14
7.372416222101833,275716,14
7.9742003771180805,50858,14
7.833346333340988,83786,14
7.947044490115835,1363258,14
7.932292372606979,15376439,14
6.706340055370848,257796,14
7.98688639530405,1140213,14
6.618334041872316,71940,14
7.935942859629265,143676,14
7.887808162519599,74921,14
7.983281517236485,10353398,14
7.990828148431452,3456225,14
6.5354517868503255,1182468,14
7.989772118228793,1164740,14
7.981243279656768,10125572,14
7.883915821053088,135544,14
7.975116355719957,20526,14
7.675967869216828,3338273,14
7.978911618466093,327333,14
6.243259701585174,877316,14
7.98742999246971,1264196,14
6.365120396466531,99076,14
7.980757011755516,89385,14
7.986888288661827,20763,14
7.98426325463017,1775012,14
7.96864051551324,2693466,14
6.035904814221467,6924548,14
7.983263498362624,1186444,14
7.248622088788313,201988,14
7.789723656716877,248000,14
7.990275533702006,41092,14
7.993416536739189,390148,14
7.753470550060333,244931,14
6.035817256359718,3888900,14
7.983199127341654,1281329,14
5.9050141024899725,76548,14
7.997859014036347,87568,15
7.9981130302749355,96848,15
7.993142890653953,25488,15
7.999868376609946,1461504,15
7.999500577704155,362112,15
7.997792065990129,77840,15
7.990811797805441,20816,15
7.995619409266238,44560,15
7.999884881025308,1799824,15
7.998106866572847,91280,15
7.999917612702777,2298576,15
7.999759115692095,790672,15
7.999741382942086,699920,15
7.999855121116746,1188320,15
7.999419655350392,275472,15
7.996748554493745,50608,15
7.997967499140112,83536,15
7.999844096175676,1363008,15
7.8541923284733555,15376179,15
7.999294562190524,257552,15
7.999804516306172,1139968,15
7.997471858181302,71696,15
7.998892270860818,143424,15
7.998073106778013,74672,15
7.964747373156725,10353138,15
7.999949701392331,3455968,15
7.999843591728282,1182224,15
7.999851482248324,1164496,15
7.957694983521284,10125312,15
7.998767595473674,135296,15
7.98938113532048,20272,15
7.999935451772988,3338016,15
7.999368152592847,327088,15
7.999798202502279,877072,15
7.999852299692065,1263920,15
7.997916251819767,98832,15
7.997780098875412,89136,15
7.991629960423124,20512,15
7.99988781575759,1774752,15
7.99993982332229,2693216,15
7.999969733627694,6924304,15
7.999870111487887,1186192,15
7.999115194261061,201744,15
7.999213468879281,247744,15
7.995077069201234,40848,15
7.999490923775759,389888,15
7.999335870253203,244672,15
7.999949604947396,3888656,15
7.999839997674824,1281072,15
7.997856440887455,76304,15
7.997972348811386,89104,16
7.998016531626103,98400,16
7.993091617855646,27040,16
7.961871312049141,1463045,16
7.921705081418394,363649,16
7.997568420930585,79376,16
7.991680748402224,22368,16
7.996103076779019,46096,16
7.76330514574269,1801365,16
7.997904317033742,92832,16
7.919733776939271,2300116,16
7.986012179844733,792213,16
6.554193626736944,701456,16
7.967674663429536,1189868,16
7.904272953780859,277008,16
7.996465364826867,52160,16
7.997889512161093,85088,16
7.909093378206262,1364550,16
7.859186416009771,15377731,16
7.999283104914736,259088,16
7.972909803094328,1141505,16
7.997606842596587,73232,16
7.998671942543444,144976,16
7.997637387553814,76224,16
7.967865478234579,10354690,16
7.986185904619162,3457517,16
6.022306061702402,1183760,16
7.978975382950344,1166032,16
7.9603469689534485,10126864,16
7.998690074725009,136848,16
7.990999330190144,21824,16
7.396527028701178,3339565,16
7.979526681030131,328625,16
6.0699506630212765,878608,16
7.972473094725373,1265458,16
7.998385126293983,100368,16
7.997657337193051,90688,16
7.992253999084039,22064,16
7.976249538290776,1776298,16
7.946998909869675,2694758,16
4.477946149094453,6925840,16
7.966476350272917,1187736,16
7.999106315995986,203280,16
7.99925081311936,249296,16
7.994992142059209,42384,16
7.989488867421648,391426,16
7.999287455023369,246224,16
4.5743794240896145,3890192,16
7.965281462778244,1282621,16
7.997707632421755,77840,16
7.99764053830845,87701,17
7.998113202969626,96981,17
7.993828568441732,25621,17
7.999877459459214,1461637,17
7.999430330586079,362245,17
7.99768401952312,77973,17
7.989803233536244,20949,17
7.995817911999829,44693,17
7.999895150657363,1799957,17
7.99782078237945,91413,17
7.999916992060393,2298709,17
7.999780218989549,790805,17
7.999691388663285,700053,17
7.999870499992355,1188453,17
7.999314722397872,275605,17
7.996431890334849,50741,17
7.997811876801805,83669,17
7.999854402455809,1363141,17
7.9999887824633085,15376325,17
7.999194406241885,257685,17
7.99980573755356,1140101,17
7.9972578484590064,71653,17
7.998839926091004,143557,17
7.997556039160475,74805,17
7.999984217898578,10353285,17
7.999941811710984,3456101,17
7.999837781708426,1182357,17
7.999853404913302,1164453,17
7.999979913415057,10125461,17
7.9986871002950535,135429,17
7.992116347363866,20405,17
7.999947062805084,3338149,17
7.999463039733495,327221,17
7.9997610337467036,877205,17
7.999868502051757,1264053,17
7.997870925693879,98965,17
7.997854130356884,89269,17
7.990187575229832,20645,17
7.999894340859517,1774885,17
7.999940467925966,2693349,17
7.999975796999828,6924437,17
7.999835925294423,1186325,17
7.999080728172491,201877,17
7.9993724536189035,247877,17
7.995584185522479,40981,17
7.999463011535942,390021,17
7.999223876147908,244805,17
7.999956472774072,3888613,17
7.999838383786157,1281205,17
7.997580538798372,76437,17
7.9976242079418975,87816,18
7.998024207698442,97110,18
7.99252314421908,25739,18
7.999880048645038,1461757,18
7.999457584258992,362361,18
7.997706417115288,78088,18
7.991081019088823,21065,18
7.996033920691111,44808,18
7.9999030260933885,1800077,18
7.998175849715411,91537,18
7.999932226826815,2298828,18
7.999739222620052,790925,18
7.999714413235634,700168,18
7.999868925116179,1188580,18
7.999228986036696,275720,18
7.996155957542204,50862,18
7.997428654033212,83790,18
7.999883185775061,1363262,18
7.999987134731938,15376443,18
7.999306503951725,257800,18
7.999837882188874,1140217,18
7.996979276664717,71944,18
7.998681140543534,143680,18
7.997550591414434,74925,18
7.99998335865947,10353402,18
7.999948148764845,3456229,18
7.999868321230691,1182472,18
7.9998205918103835,1164744,18
7.99998327279109,10125576,18
7.998708132308231,135548,18
7.990498590903105,20530,18
7.999943834297399,3338277,18
7.999422669196904,327337,18
7.999815356752124,877320,18
7.999851097290952,1264170,18
7.998086528235933,99080,18
7.9978104490903466,89389,18
7.990423355258782,20767,18
7.9998987766317855,1775010,18
7.999938618385142,2693470,18
7.999975578812599,6924552,18
7.999836607348551,1186448,18
7.999135459952567,201992,18
7.99918497704211,248004,18
7.995764230807356,41096,18
7.999506516485725,390138,18
7.999137066902109,244935,18
7.999957063299427,3888904,18
7.999845426377206,1281333,18
7.9975871115673876,76552,18
7.997837478077167,90648,19
7.99844977116614,98840,19
7.993604596316715,33304,19
7.999877353417152,1466904,19
7.999442614735575,369176,19
7.9976192096922905,82456,19
7.992231420273846,25112,19
7.996711240461943,49688,19
7.9999058378545325,1802776,19
7.998008905103306,98840,19
7.999909228473678,2302488,19
7.9997790781485865,795160,19
7.9997292291429805,705048,19
7.999814194641294,1196568,19
7.99932202983881,279064,19
7.996040994117379,57880,19
7.998162453661545,90648,19
7.999859425935406,1368600,19
7.999988923283107,15376920,19
7.999353631859804,262680,19
7.999831309218814,1147416,19
7.997570553791637,74264,19
7.998781996136154,147992,19
7.998029528592425,82456,19
7.999984014325962,10355224,19
7.999948133434099,3457560,19
7.999832016801116,1188376,19
7.999842085664795,1171992,19
7.999980726198924,10125848,19
7.99852616385563,139800,19
7.992439229046162,25112,19
7.999942891258562,3342872,19
7.999470939788188,328216,19
7.999793670054272,885272,19
7.999852199729826,1270296,19
7.998230850124447,107032,19
7.99785549880702,90648,19
7.992002109443566,25112,19
7.99989917908104,1778200,19
7.999935617437362,2695704,19
7.999978986058948,6930968,19
7.999842933365996,1188376,19
7.9991236695909,205336,19
7.999417280235265,254488,19
7.995296447017546,41496,19
7.999439934825376,393752,19
7.999302696895407,246296,19
7.999951604308708,3891736,19
7.999854081748766,1286680,19
7.9979413461592275,82456,19
7.127863493222278,87882,20
7.9959946393935395,97180,20
7.9848390141818,25757,20
7.958014227434868,1461823,20
7.935691482703348,362431,20
6.5891787857656885,78154,20
7.767734663001714,21071,20
5.214823136638355,44810,20
7.761007410435283,1800147,20
7.912127948683395,91619,20
7.918876564708394,2298894,20
7.988143772116648,790995,20
5.363933193371125,700234,20
7.966731295567402,1188650,20
7.174463650582037,275786,20
7.954190999022577,50868,20
7.804235517554335,83872,20
7.906135486501982,1363328,20
7.855572226184443,15376513,20
6.595311643669346,257866,20
7.9708583296213185,1140287,20
5.8729883095618876,71946,20
7.926010737856232,143750,20
7.8799375338253155,74943,20
7.966226839603845,10353468,20
7.987461465650487,3456299,20
5.39981693114933,1182538,20
7.979029426906444,1164814,20
7.960020578056584,10125642,20
7.837903390248259,135618,20
7.983420758971221,20548,20
7.387227654578953,3338343,20
7.989184567004509,327407,20
4.967000743832502,877386,20
7.972800323727569,1264240,20
7.0211065512281,99146,20
7.995202069638186,89459,20
7.988824788218394,20785,20
7.981544368949934,1775076,20
7.943625702385244,2693540,20
4.409189423949107,6924618,20
7.967594828590254,1186518,20
6.851986964108417,202058,20
7.647702161534977,248074,20
7.981738872583022,41114,20
7.99411866019082,390204,20
7.672562634527556,245005,20
4.4906529295677675,3888970,20
7.965733363950924,1281403,20
4.905074745100325,76554,20
7.998223322213502,87568,21
7.9979957797783126,96848,21
7.826974756051734,1461493,21
7.999542302610997,362112,21
3.7551986459414537,77840,21
7.991440111180908,20816,21
7.995485999524878,44560,21
6.3284575240091385,1799813,21
4.929842687877042,2298564,21
7.999782868126524,790672,21
7.999760082596223,699920,21
7.999652721594562,1188316,21
7.999271916724956,275472,21
7.996714937199061,50608,21
7.96118664274977,1362998,21
5.0663137057971745,15376179,21
7.999242297984448,257552,21
7.999365728756638,1139953,21
7.997624940290149,71696,21
7.998614421896389,143424,21
6.120233667426074,10353138,21
6.7135154988882215,3455965,21
7.886853300502821,1182208,21
7.99930386350157,1164480,21
5.01163032004275,10125312,21
7.998770541924568,135296,21
7.328049427229695,3338013,21
7.999450298556149,327088,21
7.999789666689875,877072,21
7.99781047617865,1263906,21
7.998427132652322,98832,21
7.998221181609563,89136,21
7.955001585488105,1774746,21
7.3313489047887,2693206,21
3.83191558049852,6924288,21
7.998621569016999,1186184,21
7.999121093124021,201744,21
7.999330782552033,247744,21
7.999579136285491,389888,21
7.999224688493795,244672,21
4.5705287564874375,3888640,21
7.996865884487685,1281069,21
7.997519063435055,76304,21
7.999260594284199,255536,21
7.998850573639985,158432,21
5.01833387902532,9251064,21
4.148538703309855,3311616,21
7.99896476861666,1163183,21
7.9995779871618,457744,21
7.9974950249436105,75152,21
7.998027136786961,87810,22
7.998001665341346,97090,22
7.993079792206514,25746,22
7.999862695355997,1461746,22
7.999477989040607,362354,22
7.997626248699006,78082,22
7.99118545944143,21058,22
7.996393312232767,44802,22
6.1137144619087715,2586519,22
7.998427198685792,91538,22
6.721514787207526,3085270,22
7.9997632462523205,790914,22
7.999764294435497,700162,22
7.999831676682345,1188562,22
7.999340042916407,275714,22
7.996507042546488,50850,22
7.997981330197101,83794,22
7.99985942736097,1363250,22
7.704866646362704,16162885,22
7.9992365014638365,257794,22
7.999839923349546,1140210,22
7.997344807588497,71938,22
7.99871307748474,143666,22
7.997684689447513,74930,22
7.7456013675269615,11139844,22
7.154381679285564,4242671,22
7.999815118443916,1182466,22
7.9998563684093105,1164738,22
7.7329914071789165,10912018,22
7.998815945555915,135538,22
7.991800274519501,20530,22
6.761496072400828,4124719,22
7.999444537068014,327330,22
7.999798101347943,877314,22
7.999867877518816,1264162,22
7.998018403910809,99074,22
7.997953167602055,89378,22
7.991205092986379,20770,22
6.385857116683467,2561452,22
6.872829547992304,3479912,22
4.525802174396073,7710994,22
7.999824899305699,1186434,22
7.999139490121621,201986,22
7.999284375436907,247986,22
7.995613751496009,41106,22
7.999485467090324,390130,22
7.9992286364691605,244914,22
4.622333332256575,4675346,22
7.9998585404588205,1281314,22
7.997738425392952,76546,22
7.824207806170776,88064,23
7.99405583159149,97358,23
7.993473150555011,25987,23
7.994134823229082,1462005,23
7.996226410312853,362609,23
7.640549046827421,78336,23
7.932464041227056,21313,23
7.542440913159276,45056,23
7.805455269799244,1800325,23
7.99347589160737,91785,23
7.9241820624907335,2299076,23
7.999455619269446,791173,23
7.994243875671589,700416,23
7.9996521072570665,1188828,23
7.9212729094265155,275968,23
7.985519875036328,51110,23
7.990629879944681,84038,23
7.961658019356181,1363510,23
7.8732605671009,15376691,23
7.931896917252343,258048,23
7.9993217731798145,1140465,23
7.775296688478047,72192,23
7.994324204356808,143928,23
7.990782252473013,75173,23
7.98066687580867,10353650,23
7.986436096654249,3456477,23
7.884563848411245,1182720,23
7.999269221141444,1164992,23
7.976122884227817,10125824,23
7.986186924195365,135796,23
7.9920542418746665,20778,23
7.454785627263356,3338525,23
7.99910647353677,327585,23
7.999699819534049,877568,23
7.997841659544214,1264418,23
7.801280898276979,99328,23
7.994474582763113,89637,23
7.991157609921126,21015,23
7.982151639928949,1775258,23
7.955040399426813,2693718,23
5.709943887678128,6924800,23
7.998592874814441,1186696,23
7.944866651061966,202240,23
7.997060489663972,248252,23
7.995348990721532,41344,23
7.999464086098395,390386,23
7.968359480448003,245183,23
5.539878049435283,3889152,23
7.996971022392663,1281581,23
7.5171564409330855,76800,23
7.997801123123334,87842,24
7.998078644479644,97122,24
7.992000743402895,25762,24
7.9998535139131395,1461778,24
7.999535287890546,362386,24
7.997254442022813,78114,24
7.990313347215248,21090,24
7.996048174764778,44834,24
7.999891811603227,1800098,24
7.997879730309141,91554,24
7.999915745636992,2298850,24
7.999764298348889,790946,24
7.999769147124137,700194,24
7.9998529392618725,1188594,24
7.9993714031208185,275746,24
7.996452685676143,50882,24
7.998026945302076,83810,24
7.99984792155166,1363282,24
7.999987376475397,15376466,24
7.999394109743053,257826,24
7.999829004233917,1140242,24
7.997323181891844,71970,24
7.998829458402646,143698,24
7.997568133903642,74946,24
7.999983273760933,10353426,24
7.999954206413788,3456242,24
7.999853861850476,1182498,24
7.999862868734778,1164770,24
7.9999795953231,10125602,24
7.998570892863178,135570,24
7.98945928517917,20546,24
7.999945216697396,3338290,24
7.999412774726023,327362,24
7.999796952114785,877346,24
7.999856906468497,1264194,24
7.998053764509577,99106,24
7.997882698153876,89410,24
7.990465326542626,20786,24
7.9998836709431425,1775026,24
7.999949097097074,2693490,24
7.999973250711328,6924578,24
7.999844879857203,1186466,24
7.99909102745354,202018,24
7.9992645462315455,248018,24
7.995603752222538,41122,24
7.999574007550465,390162,24
7.99921726443624,244946,24
7.999950776869573,3888930,24
7.999848738239476,1281346,24
7.9978237734133755,76578,24
7.997774796297988,87784,25
7.998267826809507,97078,25
7.993826640182856,25707,25
7.999870198582118,1461725,25
7.999552656555576,362329,25
7.997681541305763,78056,25
7.991438056353772,21033,25
7.996323298415598,44776,25
7.99989466327034,1800045,25
7.998085233652633,91505,25
7.999921756780429,2298796,25
7.999793047331625,790893,25
7.999731717853533,700136,25
7.9998494631263135,1188548,25
7.999347852915205,275688,25
7.996740189125563,50830,25
7.99827157676712,83758,25
7.9998551042121315,1363230,25
7.9999880194399315,15376411,25
7.999375903803054,257768,25
7.999829828459052,1140185,25
7.99694322936878,71912,25
7.998710558740297,143648,25
7.997434770650894,74893,25
7.999983143120918,10353370,25
7.999949264386922,3456197,25
7.999845351696477,1182440,25
7.999832941944252,1164712,25
7.99998259914446,10125544,25
7.998764640075565,135516,25
7.990740710071863,20498,25
7.9999482054259,3338245,25
7.999406417996737,327305,25
7.9997748547309175,877288,25
7.999857939993114,1264138,25
7.998387471570689,99048,25
7.998235797214568,89357,25
7.990470709735308,20735,25
7.9998977716229795,1774978,25
7.999935688282659,2693438,25
7.999970125640308,6924520,25
7.999803167906997,1186416,25
7.998976284978438,201960,25
7.999270928276281,247972,25
7.9950604792846685,41064,25
7.999545145747213,390106,25
7.999297189774308,244903,25
7.999951063617933,3888872,25
7.9998626477454104,1281301,25
7.996952349541521,76520,25
5.9686797161304606,87552,26
7.954602026227369,96846,26
7.989631180425415,25475,26
7.952974219964883,1461493,26
7.894260892272446,362097,26
5.844083878773066,77824,26
7.98685171046559,20801,26
6.8976271668846465,44544,26
7.757912123611378,1799813,26
7.991930836879706,91273,26
7.91319995234383,2298564,26
7.981453483779196,790661,26
5.227348302172384,699904,26
7.9661722967501865,1188316,26
7.141372470178702,275456,26
7.957799216733302,50598,26
7.8981780979858796,83526,26
7.891665598523028,1362998,26
7.854616239731118,15376179,26
6.127114307208315,257536,26
7.969727656519809,1139953,26
6.344730825380079,71680,26
7.836956338851556,143416,26
7.992137838318628,74661,26
7.965973290228814,10353138,26
7.984852593101506,3455965,26
5.321167768624677,1182208,26
7.978206010384841,1164480,26
7.959613470326303,10125312,26
7.768313693886246,135284,26
7.99179368725248,20266,26
7.382346286116869,3338013,26
7.9611046094275615,327073,26
4.875546052710758,877056,26
7.971665643690057,1263906,26
6.140808303720692,98816,26
7.971653350243584,89125,26
7.990555296683988,20503,26
7.973643861445081,1774746,26
7.939173463284247,2693206,26
4.392700390429506,6924288,26
7.965909282780185,1186184,26
6.98757772194414,201728,26
7.656510948172865,247740,26
7.994268321352743,40832,26
7.983375995469146,389874,26
7.55588490193264,244671,26
4.458380006733687,3888640,26
7.965091069015749,1281069,26
6.072313483806546,76288,26
7.997832204494015,87936,27
7.997825849585094,97216,27
7.992243874385727,25856,27
7.999871317213005,1461872,27
7.9994833408253605,362480,27
7.997129528805007,78208,27
7.989104585615412,21184,27
7.994676481299025,44928,27
7.999878576056358,1800192,27
7.998137647628808,91648,27
7.999921897667774,2298944,27
7.999758941154069,791040,27
7.999736217763666,700288,27
7.9998551734248915,1188688,27
7.999213787060848,275840,27
7.996027208872828,50976,27
7.997600147585788,83904,27
7.9998538702885655,1363376,27
7.999985747695551,15376560,27
7.9992388721731125,257920,27
7.999805424634357,1140336,27
7.9972731163310335,72064,27
7.998725461605858,143792,27
7.997135042844517,75040,27
7.999980048876709,10353520,27
7.999949275334531,3456336,27
7.999830036317078,1182592,27
7.999811979175332,1164864,27
7.999982486488992,10125696,27
7.998620607728597,135664,27
7.988990143019259,20640,27
7.9999478143435985,3338384,27
7.999461641270093,327456,27
7.999804882668119,877440,27
7.999862672633811,1264288,27
7.99785587631081,99200,27
7.997901334557838,89504,27
7.989717796298917,20880,27
7.999897418347581,1775120,27
7.999929574828873,2693584,27
7.999969524493375,6924672,27
7.999831678347257,1186560,27
7.998846635653839,202112,27
7.999242898761296,248112,27
7.994783183531878,41216,27
7.999569996947859,390256,27
7.999261889146629,245040,27
7.999951086660086,3889024,27
7.999852731998008,1281440,27
7.997327290274061,76672,27
7.998098004714923,87832,28
7.998141543416137,97128,28
7.992684739158796,25768,28
7.999887576671445,1461784,28
7.999567047844754,362392,28
7.997758177819437,78104,28
7.991696562095684,21096,28
7.995753982498763,44824,28
7.999904874294323,1800104,28
7.997905411394456,91560,28
7.999918774833089,2298856,28
7.999758592678011,790952,28
7.9997571889349,700184,28
7.999841118757594,1188600,28
7.999325607724526,275736,28
7.996148036507392,50888,28
7.997874681383113,83816,28
7.999883426002689,1363288,28
7.9999877140397055,15376472,28
7.999190198017789,257816,28
7.9998478190730085,1140248,28
7.997239614768575,71960,28
7.9985207353878485,143704,28
7.997545750380442,74952,28
7.999981204311326,10353432,28
7.9999463522590855,3456248,28
7.999844629734136,1182488,28
7.999836262598069,1164760,28
7.99998127318077,10125592,28
7.99861275720538,135576,28
7.991026034270884,20552,28
7.999947235061779,3338296,28
7.99949084527985,327368,28
7.999798039705883,877336,28
7.999857131122291,1264200,28
7.998165011691413,99096,28
7.997850982174922,89416,28
7.988391924106857,20792,28
7.999913082418492,1775032,28
7.999939996111718,2693496,28
7.999977585291926,6924568,28
7.999836239916751,1186472,28
7.999200410545227,202008,28
7.999182008360416,248024,28
7.99551539243156,41112,28
7.999546355475709,390168,28
7.999185109616088,244952,28
7.999948406211071,3888920,28
7.999842052958644,1281352,28
7.9971939008185435,76568,28
7.9979463980230925,87552,29
7.99801430400979,96846,29
7.993430043880845,25475,29
7.999875835365761,1461493,29
7.999501981725814,362097,29
7.997676083815964,77824,29
7.991955128423057,20801,29
7.99590560540621,44544,29
7.999897199879104,1799813,29
7.997555973022832,91273,29
7.99991552668236,2298564,29
7.999783206992174,790661,29
7.999757215727376,699904,29
7.9998358075050024,1188316,29
7.999334043995392,275456,29
7.9963132333498,50598,29
7.997242638269874,83526,29
7.99986525587067,1362998,29
7.999987288075478,15376179,29
7.999325783519266,257536,29
7.999831797685992,1139953,29
7.997295009783117,71680,29
7.99888568245091,143416,29
7.997667371087988,74661,29
7.999980636439949,10353138,29
7.999946308277272,3455965,29
7.999871662214617,1182208,29
7.99983184058579,1164480,29
7.999983128567085,10125312,29
7.998672024981863,135284,29
7.990708084457122,20266,29
7.999946499606104,3338013,29
7.999398271566964,327073,29
7.999792769279732,877056,29
7.999850864611586,1263906,29
7.998148603747267,98816,29
7.998229559497518,89125,29
7.990304162957003,20503,29
7.999899526782634,1774746,29
7.999942775531445,2693206,29
7.9999733211200486,6924288,29
7.9998557836611175,1186184,29
7.999129860928813,201728,29
7.999191380897806,247740,29
7.995423090083793,40832,29
7.999515285695154,389874,29
7.999286994424736,244671,29
7.999951806378737,3888640,29
7.999883209481081,1281069,29
7.998054446291905,76288,29
7.997557052137226,250983,30
7.970103214134305,117068,30
7.958300440148956,1024652,30
7.952208969678919,1461493,30
7.998802795289843,244157,30
7.999487030213116,2276856,30
7.985593052566438,166830,30
7.975923794428406,3426373,30
7.91206444161581,2298564,30
7.999463883408277,2253490,30
7.999634615585812,9256274,30
7.974752322467828,256807,30
7.9328522003815,659667,30
7.8893017463841515,1362998,30
7.998719245823199,9113730,30
7.999872232135262,15017786,30
7.982368796461046,211155,30
7.977836122476642,2080955,30
7.964747373156725,10353138,30
7.999740655639781,14725228,30
7.9993751445721095,3592122,30
7.977491482511166,139335,30
7.9204883117700815,1745376,30
7.3808891797971,3338013,30
7.9992975406707085,3433561,30
7.9994046225608715,1186296,30
7.9773333658813845,99905,30
7.943676379020217,1351564,30
7.972555006073497,1774746,30
7.999224538203016,1170722,30
7.999827470605325,41487319,30
7.855163777667714,41734,30
7.981276702624939,1792637,30
7.980715406648836,389874,30
7.999192650129148,40495868,30
7.99862365929263,1766761,30
7.9711392828520715,278525,30
7.951335051173864,1090959,30
7.77901616689098,158422,30
7.99910811808556,1600875,30
7.999451728734896,3223012,30
7.978768202714011,102618,30
7.957955888116259,1699909,30
7.95056450059223,858917,30
7.9988859499129985,3147902,30
7.999693963990301,16038102,30
7.979663379925679,262746,30
7.98245652151091,1246217,30
7.926687006556966,23564,30
7.999006100025986,15855935,30
7.998275513688661,862835,30
7.967515072097769,142780,30
7.9267487805522965,1788254,30
7.93795553865299,832309,30
7.998988854438116,832124,30
7.998795175803928,394674,30
7.96936440867805,287352,30
7.936186764802592,783557,30
7.637368345750581,72818,30
7.9991041149089055,387258,30
7.999451485601075,17897398,30
7.976299801427784,223433,30
7.977542445704893,2496637,30
7.9569981294939245,75490,30
7.999100175258858,17494894,30
7.9996153463553865,6189422,30
7.9648774087085785,54278,30
7.960160559432612,533577,30
7.995881808553126,741653,30
7.998824439927712,6097460,30
7.9983474182412975,546594,30
7.97366806322181,157848,30
7.9017755398955,173031,30
7.974388673388347,200256,30
7.998940969725484,539268,30
7.997848827081514,435037,30
7.979077216393855,145773,30
7.948183650848602,1925496,30
7.985004247169961,310748,30
7.992247380110613,422398,30
7.997940589027607,272496,30
7.972994681791511,198108,30
7.899226735555733,1442920,30
7.965296229128365,83126,30
7.997832275623845,266084,30
7.999733495483857,9942717,30
7.980866220714872,88343,30
7.905362633077148,1261108,30
7.985055048166857,282457,30
7.998409613851751,8836468,30
7.999535687015638,889531,30
7.984349279504441,258898,30
7.967123383085612,2148464,30
7.963035290309102,146525,30
7.999089478566775,878319,30
7.999567312975477,3247476,30
7.975738269868239,135895,30
7.984348149621221,3991574,30
7.972495723995105,167363,30
7.999053858451322,3224909,30
