archivo,palabras,negritas,rayas,muletillas,cautelas
main.tex,217,0,133,0,0
portada.tex,70,4,0,0,0
caratula.tex,36,3,0,0,0
caratula2.tex,58,3,0,0,0
dedicatoria.tex,16,0,0,0,0
agradecimientos.tex,3,1,0,0,0
resumen_es.tex,27,4,0,0,0
resumen_en.tex,23,3,0,0,0
lista_simbolos.tex,5,1,0,0,0
introduccion.tex,1036,0,0,0,1
marco_teorico.tex,2345,3,0,1,5
metodologia.tex,3227,42,6,0,1
resultados.tex,23245,366,158,11,43
resultados_notas_ampliacion.tex,12180,136,17,0,16
conclusion.tex,330,5,0,0,0
apendice.tex,662,4,36,0,0
