archivo,linea,seccion,lugar,marcadores,oracion
marco_teorico.tex,14,section: Dataset NapierOne,texto,cada,"\item \textbf{Extra-Small (Tiny):} 100 archivos encriptados por cada una de las 30 familias de ransomware, más 100 archivos seguros por cada uno de los 44 tipos de archivo comunes."
marco_teorico.tex,29,subsection: Entropía de Shannon,texto,cuantifica,"La entropía de Shannon~\cite{shannon1948}, concepto seminal de la teoría de la información, cuantifica la incertidumbre inherente a una distribución de datos."
marco_teorico.tex,37,subsection: Entropía de Shannon,texto,todos los,"Lee et al.~\cite{lee2022} demostraron que la entropía de Shannon por sí sola no es la métrica óptima para todos los escenarios, presentando falsos positivos significativos con archivos comprimidos (ZIP, GZIP, MP4) que también exhiben valores de entropía cercanos a 8."
marco_teorico.tex,37,subsection: Entropía de Shannon,texto,confirma,"Davies et al.~\cite{paper_4_comparison_of_entropy} confirmaron que, si bien la combinación de entropía alta con valores de $\chi^2$ que no rechazan uniformidad constituye un indicador fuerte de encriptación, la entropía por sí sola resulta insuficiente para distinguir entre archivos cifrados y archivos comprimidos nativamente."
marco_teorico.tex,63,subsection: Coeficiente de Correlación Serial de Bytes (SBCC),texto,depende,El coeficiente de correlación serial evalúa la dependencia estadística entre bytes consecutivos en un archivo:
marco_teorico.tex,105,subsection: K-Nearest Neighbors (KNN),texto,depende,"Su naturaleza no paramétrica lo hace flexible ante distribuciones arbitrarias de datos, aunque su rendimiento depende críticamente de la normalización de características y la elección de la métrica de distancia~\cite{hastie2009}."
marco_teorico.tex,129,subsection: Multilayer Perceptron (MLP),texto,cada,El MLP es una red neuronal artificial feedforward donde la transformación de cada capa $l$ se expresa como:
marco_teorico.tex,155,subsection: TF-IDF (Term Frequency -- Inverse Document Frequency),texto,cada,"En el contexto de notas de rescate, TF-IDF captura automáticamente los términos discriminativos de cada familia: direcciones de correo electrónico, nombres de servicios onion, montos de rescate específicos, y vocabulario característico de cada grupo~\cite{paper_5_note_files}."
marco_teorico.tex,169,subsection: Análisis de Ejecutables de Ransomware,texto,cada,"Subedi et al.~\cite{paper_1_forensic} realizaron un análisis forense de familias de ransomware mediante técnicas estáticas y dinámicas, examinando componentes de código y las técnicas criptográficas empleadas por cada familia (RSA, DES, ROT-13)."
marco_teorico.tex,185,subsection: Análisis de Notas de Rescate,texto,por tanto,"Mide, por tanto, el reconocimiento de notas ya observadas, y no la capacidad de atribuir una variante que el sistema no haya visto antes, que es la pregunta que organiza el presente trabajo."
marco_teorico.tex,187,subsection: Análisis de Notas de Rescate,texto,es decir,"Trujillo~\cite{paper_8_supervised} posteriormente abordó la detección de si un archivo constituye una nota de ransomware, es decir la clasificación binaria entre nota y no-nota, utilizando Decision Tree y SVM con aproximadamente 90\% de precisión."
marco_teorico.tex,193,subsection: Herramientas de Identificación Existentes,texto,porque,"Sí conviene señalar, porque condiciona la lectura de ambas, que ID Ransomware se apoya en firmas de bytes y en reglas construidas manualmente, y no en aprendizaje automático."
